date,net_flow_usd,rolling_5d_net_usd
2026-08-03,-2.07187e+08,
2026-08-04,1.84507e+09,
2026-08-05,3.15693e+08,
2026-08-06,1.02031e+09,
2026-08-07,3.81975e+06,2.97771e+09
2026-08-10,6.10774e+08,3.79567e+09
2026-08-11,7.33812e+08,2.68441e+09
2026-08-12,1.82558e+08,2.55128e+09
2026-08-13,-9.36037e+08,5.94926e+08
2026-08-14,-1.52208e+07,5.75885e+08
2026-08-17,7.92426e+07,4.43541e+07
2026-08-18,1.65457e+08,-5.24001e+08
2026-08-19,1.80891e+08,-5.25667e+08
2026-08-20,1.08787e+09,1.49824e+09
2026-08-21,-5.00775e+08,1.01269e+09
2026-08-24,5.09693e+08,1.44314e+09
2026-08-25,-7.29473e+08,5.48208e+08
2026-08-26,-4.82096e+08,-1.14779e+08
2026-08-27,-6.54183e+08,-1.85683e+09
2026-08-28,-4.02549e+08,-1.75861e+09
2026-08-31,-9.03673e+08,-3.17197e+09
