series_id,date,dla_pct,wla_pct,dla_usd,wla_usd
S000002969,2026-08-03,28.42,52.53,2.64009e+10,4.87942e+10
S000002969,2026-08-04,32.99,52.05,3.03086e+10,4.78204e+10
S000002969,2026-08-05,30.38,50.3,2.80065e+10,4.63715e+10
S000002969,2026-08-06,28.3,51.28,2.63838e+10,4.78078e+10
S000002969,2026-08-07,27.09,51.36,2.52573e+10,4.78798e+10
S000002969,2026-08-10,29.01,53.61,2.72343e+10,5.03194e+10
S000002969,2026-08-11,33.61,54.11,3.17977e+10,5.11881e+10
S000002969,2026-08-12,33.71,55.29,3.19927e+10,5.24743e+10
S000002969,2026-08-13,29.63,54.86,2.78196e+10,5.15063e+10
S000002969,2026-08-14,31.88,55.14,2.99583e+10,5.18205e+10
S000002969,2026-08-17,32.39,56.68,3.05945e+10,5.35407e+10
S000002969,2026-08-18,34.26,54.44,3.26011e+10,5.18015e+10
S000002969,2026-08-19,32.93,54.64,3.12828e+10,5.19016e+10
S000002969,2026-08-20,32.79,56.04,3.2268e+10,5.51538e+10
S000002969,2026-08-21,32.5,56.11,3.1748e+10,5.48066e+10
S000002969,2026-08-24,32.84,55.03,3.2387e+10,5.4275e+10
S000002969,2026-08-25,34.39,53.65,3.27431e+10,5.10757e+10
S000002969,2026-08-26,31.69,52.17,3.01345e+10,4.96116e+10
S000002969,2026-08-27,27.58,51.4,2.58799e+10,4.82342e+10
S000002969,2026-08-28,26.78,51.51,2.50703e+10,4.82216e+10
S000002969,2026-08-31,26.23,51.48,2.42672e+10,4.76278e+10
S000004283,2026-08-03,32.35,53.73,3.20556e+10,5.32403e+10
S000004283,2026-08-04,28.75,54.15,2.82339e+10,5.31862e+10
S000004283,2026-08-05,33.38,54.72,3.30025e+10,5.41005e+10
S000004283,2026-08-06,27.86,53.4,2.70242e+10,5.18031e+10
S000004283,2026-08-07,28.78,52,2.74353e+10,4.95608e+10
S000004283,2026-08-10,29.7,52.15,2.81826e+10,4.94894e+10
S000004283,2026-08-11,27.99,52.1,2.67143e+10,4.97244e+10
S000004283,2026-08-12,30.71,51.6,2.92941e+10,4.92139e+10
S000004283,2026-08-13,26.36,51.15,2.49088e+10,4.83382e+10
S000004283,2026-08-14,29.47,51.61,2.83655e+10,4.96652e+10
S000004283,2026-08-17,32.5,52.73,3.16526e+10,5.13551e+10
S000004283,2026-08-18,29.99,51.87,2.90719e+10,5.02716e+10
S000004283,2026-08-19,30.52,50.58,2.87365e+10,4.76237e+10
S000004283,2026-08-20,25.61,49.7,2.3592e+10,4.57716e+10
S000004283,2026-08-21,27.55,50.29,2.57394e+10,4.69867e+10
S000004283,2026-08-24,30.76,51.82,2.9648e+10,4.99373e+10
S000004283,2026-08-25,28.95,51.38,2.77217e+10,4.92036e+10
S000004283,2026-08-26,30.7,51.09,2.92257e+10,4.86397e+10
S000004283,2026-08-27,27.55,51.53,2.64105e+10,4.93995e+10
S000004283,2026-08-28,29.24,52.78,2.86448e+10,5.17096e+10
S000004283,2026-08-31,28.39,51.52,2.70177e+10,4.90265e+10
