agency,scale,rating,pct_of_net_assets,securities
Fitch,short-term,F1+,67.22,315
Fitch,short-term,F1,13.76,67
Fitch,long-term/other,AA-,28.5,123
Fitch,long-term/other,AA+,23.66,109
Fitch,long-term/other,AA,9.45,49
Fitch,long-term/other,A+,8.46,41
Fitch,long-term/other,A,5.03,22
Fitch,long-term/other,A-,0.8,5
Fitch,long-term/other,AAA,0.51,4
Moody's,short-term,P-1,90.84,446
Moody's,short-term,VMIG1,0.63,15
Moody's,long-term/other,Aa1,28.28,142
Moody's,long-term/other,A1,24.11,97
Moody's,long-term/other,Aa3,13.84,53
Moody's,long-term/other,Aa2,12.64,80
Moody's,long-term/other,A2,0.83,2
Moody's,long-term/other,Aaa,0.17,6
S&P,short-term,A-1,64.44,316
S&P,short-term,A-1+,32.46,162
S&P,long-term/other,A+,41.37,194
S&P,long-term/other,AA-,19.16,127
S&P,long-term/other,A,12.4,47
S&P,long-term/other,AA+,10.77,17
S&P,long-term/other,AA,1.28,4
S&P,long-term/other,AAA,0.14,5
