counterparty,pct_of_net_assets,gov_collateral_pct,other_collateral_pct,positions,position_usd,collateral_usd,collateral_to_position
SOCIETE GENERALE,2.92,0,2.92,7,2.69e+09,2.8487e+09,1.059
BNP PARIBAS SA,2.68,0,2.68,8,2.475e+09,2.66898e+09,1.07837
TD SECURITIES (USA) LLC,2.44,0,2.44,4,2.25e+09,2.39126e+09,1.06278
CREDIT AGRICOLE CORPORATE AND INVESTMENT BANK (NON-TRAD REPO),2.09,0,2.09,6,1.925e+09,2.03828e+09,1.05885
NATIXIS SECURITIES AMERICAS LLC,1.93,0,1.93,9,1.775e+09,1.90186e+09,1.07147
ING FINANCIAL MARKETS LLC DBA ING FINANCIAL MARKETS LLC,1.89,0,1.89,7,1.731e+09,1.86697e+09,1.07855
CITIGROUP GLOBAL MARKETS INC,1.57,0,1.57,3,1.45e+09,1.4965e+09,1.03207
WELLS FARGO SECURITIES LLC,1.55,0,1.55,7,1.425e+09,1.52275e+09,1.0686
BMO CAPITAL MARKETS CORP.,1.45,0,1.45,8,1.33e+09,1.44415e+09,1.08583
GOLDMAN SACHS & CO LLC (NON-TRAD REPO),1.33,0,1.33,2,1.225e+09,1.31845e+09,1.07629
BOFA SECURITIES INC.,1.09,0,1.09,3,1.005e+09,1.07742e+09,1.07206
MITSUBISHI UFJ TRUST AND BANKING CORPORATION - NEW YORK,1.09,0,1.09,1,1e+09,1.05055e+09,1.05055
CITIGROUP GLOBAL MARKETS INC,0.84,0,0.84,1,7.75e+08,8.37e+08,1.08
FIXED INCOME CLEARING CORPORATION (REPO SSB),0.82,0.82,0,1,7.5e+08,7.65e+08,1.02
HSBC SECURITIES (USA) INC,0.75,0,0.75,2,6.95e+08,7.30708e+08,1.05138
RBC CAPITAL MARKETS LLC,0.71,0,0.71,1,6.5e+08,6.82505e+08,1.05001
UBS SECURITIES LLC DBA UBS SECURITIES LLC,0.33,0,0.33,1,3e+08,3.21795e+08,1.07265
CITIGROUP GLOBAL MARKETS INC,0.32,0,0.32,2,3e+08,3.15001e+08,1.05
PERSHING LLC,0.14,0,0.14,1,1.25e+08,1.3265e+08,1.0612
MUFG SECURITIES AMERICAS INC. DBA MUFG SECURITIES AND MUFG,0.14,0,0.14,1,1.25e+08,1.31264e+08,1.05011
